{
    "helpList":[
        {
            "idx":0,
            "category":"문서작성",
            "title":"토마토 주스 구매하는데 어렵네요..",
            "desc":"몇번을 시도해도 결제에서 막히네요ㅠ 도와주세요!",
            "hour":"1시간 전"
        },
        {
            "idx":1,
            "category":"물건구매",
            "title":"공문을 보내려합니다! 아래에 첨부파일 올렸습니다. 부탁드립니다!",
            "desc":"첨부된 사진 내용대로 부탁드립니다.",
            "hour":"5시간 전"
        },
        {
            "idx":2,
            "category":"문서작성",
            "title":"이렇게 작성부탁합니다!",
            "desc":"부탁합니다!",
            "hour":"0시간 전"
        }
    ]
}